{
  "AWSTemplateFormatVersion": "2010-09-09",
  "Description": "The AWS CloudFormation template for this Serverless application",
  "Resources": {
    "ServerlessDeploymentBucket": {
      "Type": "AWS::S3::Bucket"
    },
    "LoggerLogGroup": {
      "Type": "AWS::Logs::LogGroup",
      "Properties": {
        "LogGroupName": "/aws/lambda/nodejs-perf-logger-dev-logger"
      }
    },
    "IamRoleLambdaExecution": {
      "Type": "AWS::IAM::Role",
      "Properties": {
        "AssumeRolePolicyDocument": {
          "Version": "2012-10-17",
          "Statement": [
            {
              "Effect": "Allow",
              "Principal": {
                "Service": [
                  "lambda.amazonaws.com"
                ]
              },
              "Action": [
                "sts:AssumeRole"
              ]
            }
          ]
        },
        "Policies": [
          {
            "PolicyName": {
              "Fn::Join": [
                "-",
                [
                  "dev",
                  "nodejs-perf-logger",
                  "lambda"
                ]
              ]
            },
            "PolicyDocument": {
              "Version": "2012-10-17",
              "Statement": [
                {
                  "Effect": "Allow",
                  "Action": [
                    "logs:CreateLogStream"
                  ],
                  "Resource": [
                    {
                      "Fn::Sub": "arn:aws:logs:${AWS::Region}:${AWS::AccountId}:log-group:/aws/lambda/nodejs-perf-logger-dev-logger:*"
                    }
                  ]
                },
                {
                  "Effect": "Allow",
                  "Action": [
                    "logs:PutLogEvents"
                  ],
                  "Resource": [
                    {
                      "Fn::Sub": "arn:aws:logs:${AWS::Region}:${AWS::AccountId}:log-group:/aws/lambda/nodejs-perf-logger-dev-logger:*:*"
                    }
                  ]
                }
              ]
            }
          }
        ],
        "Path": "/",
        "RoleName": {
          "Fn::Join": [
            "-",
            [
              "nodejs-perf-logger",
              "dev",
              "us-east-1",
              "lambdaRole"
            ]
          ]
        }
      }
    },
    "LoggerLambdaFunction": {
      "Type": "AWS::Lambda::Function",
      "Properties": {
        "Code": {
          "S3Bucket": {
            "Ref": "ServerlessDeploymentBucket"
          },
          "S3Key": "serverless/nodejs-perf-logger/dev/1519566763669-2018-02-25T13:52:43.669Z/nodejs-perf-logger.zip"
        },
        "FunctionName": "nodejs-perf-logger-dev-logger",
        "Handler": "handler.logger",
        "MemorySize": 128,
        "Role": {
          "Fn::GetAtt": [
            "IamRoleLambdaExecution",
            "Arn"
          ]
        },
        "Runtime": "nodejs6.10",
        "Timeout": 6
      },
      "DependsOn": [
        "LoggerLogGroup",
        "IamRoleLambdaExecution"
      ]
    },
    "LoggerLambdaVersion3wdP23nSbr14i2WVdzRBHjORCRWV2tQp2pSjFegFck8": {
      "Type": "AWS::Lambda::Version",
      "DeletionPolicy": "Retain",
      "Properties": {
        "FunctionName": {
          "Ref": "LoggerLambdaFunction"
        },
        "CodeSha256": "OUibuoPgtaCOK1BzfSqGf9WvNQ7Ny3lvpyKHBnsiZM4="
      }
    },
    "LoggerLogsSubscriptionFilterCloudWatchLog1": {
      "Type": "AWS::Logs::SubscriptionFilter",
      "DependsOn": "LoggerLambdaPermissionLogsSubscriptionFilterCloudWatchLog1",
      "Properties": {
        "LogGroupName": "/aws/lambda/my-service-dev-hello",
        "FilterPattern": "REPORT",
        "DestinationArn": {
          "Fn::GetAtt": [
            "LoggerLambdaFunction",
            "Arn"
          ]
        }
      }
    },
    "LoggerLambdaPermissionLogsSubscriptionFilterCloudWatchLog1": {
      "Type": "AWS::Lambda::Permission",
      "Properties": {
        "FunctionName": {
          "Fn::GetAtt": [
            "LoggerLambdaFunction",
            "Arn"
          ]
        },
        "Action": "lambda:InvokeFunction",
        "Principal": {
          "Fn::Join": [
            "",
            [
              "logs.",
              {
                "Ref": "AWS::Region"
              },
              ".amazonaws.com"
            ]
          ]
        },
        "SourceArn": {
          "Fn::Join": [
            "",
            [
              "arn:aws:logs:",
              {
                "Ref": "AWS::Region"
              },
              ":",
              {
                "Ref": "AWS::AccountId"
              },
              ":log-group:",
              "/aws/lambda/my-service-dev-hello",
              ":*"
            ]
          ]
        }
      }
    }
  },
  "Outputs": {
    "ServerlessDeploymentBucketName": {
      "Value": {
        "Ref": "ServerlessDeploymentBucket"
      }
    },
    "LoggerLambdaFunctionQualifiedArn": {
      "Description": "Current Lambda function version",
      "Value": {
        "Ref": "LoggerLambdaVersion3wdP23nSbr14i2WVdzRBHjORCRWV2tQp2pSjFegFck8"
      }
    }
  }
}