{
  "service": {
    "service": "nodejs-perf-logger",
    "serviceObject": {
      "name": "nodejs-perf-logger"
    },
    "provider": {
      "stage": "dev",
      "region": "us-east-1",
      "variableSyntax": "\\${([ ~:a-zA-Z0-9._'\",\\-\\/\\(\\)]+?)}",
      "name": "aws",
      "runtime": "nodejs6.10",
      "memorySize": 128,
      "timeout": 12,
      "versionFunctions": true,
      "remoteFunctionData": null,
      "compiledCloudFormationTemplate": {
        "AWSTemplateFormatVersion": "2010-09-09",
        "Description": "The AWS CloudFormation template for this Serverless application",
        "Resources": {
          "ServerlessDeploymentBucket": {
            "Type": "AWS::S3::Bucket"
          },
          "LoggerLogGroup": {
            "Type": "AWS::Logs::LogGroup",
            "Properties": {
              "LogGroupName": "/aws/lambda/nodejs-perf-logger-dev-logger"
            }
          },
          "IamRoleLambdaExecution": {
            "Type": "AWS::IAM::Role",
            "Properties": {
              "AssumeRolePolicyDocument": {
                "Version": "2012-10-17",
                "Statement": [
                  {
                    "Effect": "Allow",
                    "Principal": {
                      "Service": [
                        "lambda.amazonaws.com"
                      ]
                    },
                    "Action": [
                      "sts:AssumeRole"
                    ]
                  }
                ]
              },
              "Policies": [
                {
                  "PolicyName": {
                    "Fn::Join": [
                      "-",
                      [
                        "dev",
                        "nodejs-perf-logger",
                        "lambda"
                      ]
                    ]
                  },
                  "PolicyDocument": {
                    "Version": "2012-10-17",
                    "Statement": [
                      {
                        "Effect": "Allow",
                        "Action": [
                          "logs:CreateLogStream"
                        ],
                        "Resource": [
                          {
                            "Fn::Sub": "arn:aws:logs:${AWS::Region}:${AWS::AccountId}:log-group:/aws/lambda/nodejs-perf-logger-dev-logger:*"
                          }
                        ]
                      },
                      {
                        "Effect": "Allow",
                        "Action": [
                          "logs:PutLogEvents"
                        ],
                        "Resource": [
                          {
                            "Fn::Sub": "arn:aws:logs:${AWS::Region}:${AWS::AccountId}:log-group:/aws/lambda/nodejs-perf-logger-dev-logger:*:*"
                          }
                        ]
                      }
                    ]
                  }
                }
              ],
              "Path": "/",
              "RoleName": {
                "Fn::Join": [
                  "-",
                  [
                    "nodejs-perf-logger",
                    "dev",
                    "us-east-1",
                    "lambdaRole"
                  ]
                ]
              }
            }
          },
          "LoggerLambdaFunction": {
            "Type": "AWS::Lambda::Function",
            "Properties": {
              "Code": {
                "S3Bucket": {
                  "Ref": "ServerlessDeploymentBucket"
                },
                "S3Key": "serverless/nodejs-perf-logger/dev/1519579766242-2018-02-25T17:29:26.242Z/nodejs-perf-logger.zip"
              },
              "FunctionName": "nodejs-perf-logger-dev-logger",
              "Handler": "handler.logger",
              "MemorySize": 128,
              "Role": {
                "Fn::GetAtt": [
                  "IamRoleLambdaExecution",
                  "Arn"
                ]
              },
              "Runtime": "nodejs6.10",
              "Timeout": 12
            },
            "DependsOn": [
              "LoggerLogGroup",
              "IamRoleLambdaExecution"
            ]
          },
          "LoggerLambdaVersionNClYEOz7lQXQsnPF64rn9k2HPCS90akaCskOD0EiVM": {
            "Type": "AWS::Lambda::Version",
            "DeletionPolicy": "Retain",
            "Properties": {
              "FunctionName": {
                "Ref": "LoggerLambdaFunction"
              },
              "CodeSha256": "9xzNHE9r7hLxSMaiISfPJjoc/pHoz32hvsTOhFK+dAs="
            }
          },
          "LoggerLogsSubscriptionFilterCloudWatchLog1": {
            "Type": "AWS::Logs::SubscriptionFilter",
            "DependsOn": "LoggerLambdaPermissionLogsSubscriptionFilterCloudWatchLog1",
            "Properties": {
              "LogGroupName": "/aws/lambda/my-service-dev-hello",
              "FilterPattern": "REPORT",
              "DestinationArn": {
                "Fn::GetAtt": [
                  "LoggerLambdaFunction",
                  "Arn"
                ]
              }
            }
          },
          "LoggerLambdaPermissionLogsSubscriptionFilterCloudWatchLog1": {
            "Type": "AWS::Lambda::Permission",
            "Properties": {
              "FunctionName": {
                "Fn::GetAtt": [
                  "LoggerLambdaFunction",
                  "Arn"
                ]
              },
              "Action": "lambda:InvokeFunction",
              "Principal": {
                "Fn::Join": [
                  "",
                  [
                    "logs.",
                    {
                      "Ref": "AWS::Region"
                    },
                    ".amazonaws.com"
                  ]
                ]
              },
              "SourceArn": {
                "Fn::Join": [
                  "",
                  [
                    "arn:aws:logs:",
                    {
                      "Ref": "AWS::Region"
                    },
                    ":",
                    {
                      "Ref": "AWS::AccountId"
                    },
                    ":log-group:",
                    "/aws/lambda/my-service-dev-hello",
                    ":*"
                  ]
                ]
              }
            }
          }
        },
        "Outputs": {
          "ServerlessDeploymentBucketName": {
            "Value": {
              "Ref": "ServerlessDeploymentBucket"
            }
          },
          "LoggerLambdaFunctionQualifiedArn": {
            "Description": "Current Lambda function version",
            "Value": {
              "Ref": "LoggerLambdaVersionNClYEOz7lQXQsnPF64rn9k2HPCS90akaCskOD0EiVM"
            }
          }
        }
      },
      "coreCloudFormationTemplate": {
        "AWSTemplateFormatVersion": "2010-09-09",
        "Description": "The AWS CloudFormation template for this Serverless application",
        "Resources": {
          "ServerlessDeploymentBucket": {
            "Type": "AWS::S3::Bucket"
          }
        },
        "Outputs": {
          "ServerlessDeploymentBucketName": {
            "Value": {
              "Ref": "ServerlessDeploymentBucket"
            }
          }
        }
      },
      "vpc": {}
    },
    "functions": {
      "logger": {
        "handler": "handler.logger",
        "events": [
          {
            "cloudwatchLog": {
              "logGroup": "/aws/lambda/my-service-dev-hello",
              "filter": "REPORT"
            }
          }
        ],
        "name": "nodejs-perf-logger-dev-logger",
        "package": {},
        "vpc": {}
      }
    },
    "artifact": "/Users/davidjackson/Google Drive/IT Architecture Masters/Thesis/Practical Work/serverless_com/nodejs-perf-logger/.serverless/nodejs-perf-logger.zip"
  },
  "package": {
    "artifactDirectoryName": "serverless/nodejs-perf-logger/dev/1519579766242-2018-02-25T17:29:26.242Z",
    "artifact": "nodejs-perf-logger.zip"
  }
}